Data_Order,Year,Reef,Tube_Length,Residents_binary,Male,Group
1465,2017,SW,40,1,1,Male
1466,2017,SW,55,1,1,Male
1467,2017,SW,58,1,1,Male
1468,2017,SW,56,1,1,Male
1469,2017,SW,81,1,1,Male
1470,2017,SW,34,1,1,Male
1471,2017,SW,61,1,1,Male
1472,2017,SW,41,1,1,Male
1473,2017,SW,52,1,1,Male
1474,2017,SW,38,1,1,Male
1475,2017,SW,33,1,1,Male
1476,2017,SW,40,1,1,Male
1477,2017,SW,29,1,1,Male
1478,2017,SW,41,1,1,Male
1479,2017,SW,41,1,1,Male
1480,2017,SW,54,1,1,Male
1481,2017,SW,25,1,1,Male
1482,2017,SW,43,1,1,Male
1483,2017,SW,47,1,1,Male
1484,2017,SW,46,1,1,Male
1485,2017,SW,65,1,1,Male
1486,2017,SW,39,1,1,Male
1487,2017,SW,46,1,1,Male
1488,2017,SW,68,1,1,Male
1489,2017,SW,36,1,1,Male
1490,2017,SW,43,1,1,Male
1491,2017,SW,66,1,1,Male
1492,2017,SW,48,1,1,Male
1493,2017,SW,30,1,1,Male
1494,2017,SW,57,1,1,Male
1495,2017,CB,28,1,1,Male
1496,2017,CB,41,1,1,Male
1497,2017,CB,43,1,1,Male
1498,2017,CB,71,1,1,Male
1499,2017,CB,39,1,1,Male
1500,2017,CB,35,1,1,Male
1501,2017,CB,53,1,1,Male
1502,2017,CB,40,1,1,Male
1503,2017,CB,61,1,1,Male
1504,2017,CB,30,1,1,Male
1505,2017,CB,35,1,1,Male
1506,2017,CB,55,1,1,Male
1507,2017,CB,30,1,1,Male
1508,2017,CB,32,1,1,Male
1509,2017,CB,43,1,1,Male
1510,2017,CB,46,1,1,Male
1511,2017,CB,23,1,1,Male
1512,2017,CB,46,1,1,Male
1513,2017,CB,27,1,1,Male
1514,2017,CB,38,1,1,Male
1515,2017,CB,44,1,1,Male
1516,2017,CB,65,1,1,Male
1517,2017,CB,60,1,1,Male
1518,2017,CB,43,1,1,Male
1519,2017,CB,28,1,1,Male
1520,2017,CC,57,1,1,Male
1521,2017,CC,52,1,1,Male
1522,2017,CC,29,1,1,Male
1523,2017,CC,26,1,1,Male
1524,2017,CC,38,1,1,Male
1525,2017,CC,36,1,1,Male
1526,2017,CC,42,1,1,Male
1527,2017,CC,35,1,1,Male
1528,2017,CC,27,1,1,Male
1529,2017,CC,56,1,1,Male
1530,2017,CC,42,1,1,Male
1531,2017,CC,27,1,1,Male
1532,2017,CC,49,1,1,Male
1533,2017,CC,69,1,1,Male
1534,2017,CC,45,1,1,Male
1535,2017,CC,51,1,1,Male
1536,2017,CC,49,1,1,Male
1537,2017,CC,50,1,1,Male
1538,2017,CC,56,1,1,Male
1539,2017,CC,72,1,1,Male
1540,2017,CC,65,1,1,Male
1541,2017,CC,68,1,1,Male
1542,2017,CC,24,1,1,Male
1543,2017,CC,74,1,1,Male
1544,2017,CC,25,1,1,Male
1545,2017,CC,40,1,1,Male
1546,2017,CC,28,1,1,Male
1547,2017,CC,31,1,1,Male
1548,2017,CC,27,1,1,Male
1549,2017,SW,40,1,1,Male
1550,2017,SW,54,1,1,Male
1551,2017,SW,58,1,1,Male
1552,2017,SW,56,1,1,Male
1553,2017,SW,81,1,1,Male
1554,2017,SW,34,1,1,Male
1555,2017,SW,40,1,1,Male
1556,2017,SW,61,1,1,Male
1557,2017,SW,41,1,1,Male
1558,2017,SW,52,1,1,Male
1559,2017,SW,38,1,1,Male
1560,2017,SW,33,1,1,Male
1561,2017,SW,40,1,1,Male
1562,2017,SW,29,1,1,Male
1563,2017,SW,41,1,1,Male
1564,2017,SW,41,1,1,Male
1565,2017,SW,54,1,1,Male
1566,2017,SW,68,1,1,Male
1567,2017,SW,25,1,1,Male
1568,2017,SW,18,1,1,Male
1569,2017,SW,43,1,1,Male
1570,2017,SW,60,1,1,Male
1571,2017,SW,46,1,1,Male
1572,2017,SW,65,1,1,Male
1573,2017,SW,46,1,1,Male
1574,2017,SW,68,1,1,Male
1575,2017,SW,36,1,1,Male
1576,2017,SW,53,1,1,Male
1577,2017,SW,43,1,1,Male
1578,2017,SW,66,1,1,Male
1579,2017,SW,31,1,1,Male
1580,2017,SW,69,1,1,Male
1581,2017,SW,40,1,1,Male
1582,2017,SW,30,1,1,Male
1583,2017,SW,63,1,1,Male
1584,2017,SW,57,1,1,Male
1585,2017,SW,37,1,1,Male
1586,2017,SW,30,1,1,Male
1587,2017,CB,28,1,1,Male
1588,2017,CB,41,1,1,Male
1589,2017,CB,43,1,1,Male
1590,2017,CB,71,1,1,Male
1591,2017,CB,39,1,1,Male
1592,2017,CB,35,1,1,Male
1593,2017,CB,53,1,1,Male
1594,2017,CB,30,1,1,Male
1595,2017,CB,35,1,1,Male
1596,2017,CB,55,1,1,Male
1597,2017,CB,32,1,1,Male
1598,2017,CB,23,1,1,Male
1599,2017,CB,44,1,1,Male
1600,2017,CB,39,1,1,Male
1601,2017,CB,65,1,1,Male
1602,2017,CB,60,1,1,Male
1603,2017,CB,28,1,1,Male
1604,2017,CC,38,1,1,Male
1605,2017,CC,42,1,1,Male
1606,2017,CC,27,1,1,Male
1607,2017,CC,56,1,1,Male
1608,2017,CC,42,1,1,Male
1609,2017,CC,27,1,1,Male
1610,2017,CC,49,1,1,Male
1611,2017,CC,69,1,1,Male
1612,2017,CC,45,1,1,Male
1613,2017,CC,51,1,1,Male
1614,2017,CC,49,1,1,Male
1615,2017,CC,50,1,1,Male
1616,2017,CC,56,1,1,Male
1617,2017,CC,72,1,1,Male
1618,2017,CC,65,1,1,Male
1619,2017,CC,68,1,1,Male
1620,2017,CC,74,1,1,Male
1621,2017,CC,25,1,1,Male
1622,2017,CC,40,1,1,Male
1623,2017,CC,28,1,1,Male
1624,2017,CC,61,1,1,Male
1625,2017,CC,31,1,1,Male
1626,2017,CC,27,1,1,Male
1405,2015,SW,55,1,0,Resident
1406,2015,SW,49,1,0,Resident
1407,2015,SW,19,1,0,Resident
1408,2015,SW,29,1,0,Resident
1409,2015,SW,56,1,0,Resident
1410,2015,SW,40,1,0,Resident
1411,2015,SW,81,0,0,Unoccupied
1412,2015,SW,35,1,0,Resident
1413,2015,SW,63,1,0,Resident
1414,2015,SW,48,1,0,Resident
1415,2015,SW,42,1,1,Resident
1416,2015,SW,34,1,0,Resident
1417,2015,SW,72,1,0,Resident
1418,2015,SW,48,1,0,Resident
1419,2015,SW,26,1,0,Resident
1420,2015,SW,38,1,0,Resident
1421,2015,SW,79,1,0,Resident
1422,2015,SW,27,0,0,Unoccupied
1423,2015,SW,23,1,0,Resident
1424,2015,SW,54,1,0,Resident
1425,2015,SW,28,0,0,Unoccupied
1426,2015,SW,22,0,0,Unoccupied
1427,2015,SW,52,1,1,Resident
1428,2015,SW,37,1,0,Resident
1429,2015,SW,28,1,0,Resident
1430,2015,SW,80,0,0,Unoccupied
1431,2015,SW,46,1,0,Resident
1432,2015,SW,26,1,0,Resident
1433,2015,SW,53,1,0,Resident
1434,2015,SW,57,1,1,Resident
1435,2015,SW,47,1,0,Resident
1436,2015,SW,37,1,0,Resident
1437,2015,SW,40,1,0,Resident
1438,2015,SW,37,1,0,Resident
1439,2015,SW,17,0,0,Unoccupied
1440,2015,SW,13,0,0,Unoccupied
1441,2015,SW,46,1,0,Resident
1442,2015,SW,44,1,0,Resident
1443,2015,SW,39,1,0,Resident
1444,2015,SW,43,1,0,Resident
1445,2015,SW,30,0,0,Unoccupied
1446,2015,SW,49,0,0,Unoccupied
1447,2015,SW,56,0,0,Unoccupied
1448,2015,SW,32,0,0,Unoccupied
1449,2015,SW,17,0,0,Unoccupied
1450,2015,SW,25,0,0,Unoccupied
1451,2015,SW,20,1,0,Resident
1452,2015,SW,31,0,0,Unoccupied
1453,2015,SW,56,1,0,Resident
1454,2015,SW,13,0,0,Unoccupied
1455,2015,SW,20,0,0,Unoccupied
1456,2015,SW,27,1,0,Resident
1457,2015,SW,29,0,0,Unoccupied
1458,2015,SW,48,1,0,Resident
1459,2015,SW,50,0,0,Unoccupied
1460,2015,SW,36,1,0,Resident
1461,2015,SW,24,1,0,Resident
1462,2015,SW,14,0,0,Unoccupied
1463,2015,SW,32,1,0,Resident
1464,2015,SW,54,1,0,Resident
715,2011,CC,36,1,1,Resident
716,2011,CC,39,1,0,Resident
717,2011,CC,46,1,0,Resident
718,2011,CC,18,0,0,Unoccupied
719,2011,CC,22,1,0,Resident
720,2011,CC,30,1,0,Resident
721,2011,CC,18,0,0,Unoccupied
722,2011,CC,65,1,0,Resident
723,2011,CC,50,1,0,Resident
724,2011,CC,41,1,0,Resident
725,2011,CC,62,1,0,Resident
726,2011,CC,30,1,0,Resident
727,2011,CC,30,1,0,Resident
728,2011,CC,14,1,0,Resident
729,2011,CC,25,1,0,Resident
730,2011,CC,46,1,0,Resident
731,2011,CC,29,0,0,Unoccupied
732,2011,CC,36,1,1,Resident
733,2011,CC,32,1,0,Resident
734,2011,CC,29,1,0,Resident
735,2011,CC,21,0,0,Unoccupied
736,2011,CC,13,0,0,Unoccupied
737,2011,CC,33,1,0,Resident
738,2011,CC,49,1,0,Resident
739,2011,CC,28,1,0,Resident
740,2011,CC,33,0,0,Unoccupied
741,2011,CC,45,1,0,Resident
742,2011,CC,15,0,0,Unoccupied
743,2011,CC,26,1,1,Resident
744,2011,CC,54,1,0,Resident
745,2011,CC,17,1,0,Resident
746,2011,CC,23,1,0,Resident
747,2011,CC,18,1,0,Resident
748,2011,CC,12,1,0,Resident
749,2011,CC,37,1,0,Resident
750,2011,CC,13,0,0,Unoccupied
751,2011,CC,13,0,0,Unoccupied
752,2011,CC,14,1,0,Resident
753,2011,CC,27,1,0,Resident
754,2011,CC,26,1,0,Resident
755,2011,CC,16,0,0,Unoccupied
756,2011,CC,37,1,0,Resident
757,2011,CC,10,0,0,Unoccupied
758,2011,CC,15,0,0,Unoccupied
759,2011,CC,15,0,0,Unoccupied
760,2011,CC,59,1,0,Resident
761,2011,CC,30,0,0,Unoccupied
762,2011,CC,15,0,0,Unoccupied
763,2011,CC,12,0,0,Unoccupied
764,2011,CC,15,0,0,Unoccupied
765,2011,CC,16,0,0,Unoccupied
766,2011,CC,45,1,0,Resident
767,2011,CC,29,0,0,Unoccupied
768,2011,CC,17,0,0,Unoccupied
769,2011,CC,20,0,0,Unoccupied
770,2011,CC,10,0,0,Unoccupied
771,2011,CC,28,0,0,Unoccupied
772,2011,CC,32,1,0,Resident
773,2011,CC,18,0,0,Unoccupied
774,2011,CC,15,0,0,Unoccupied
775,2011,CC,13,1,0,Resident
776,2011,CC,23,0,0,Unoccupied
777,2011,CC,36,1,0,Resident
778,2011,CC,17,1,0,Resident
779,2011,CC,91,1,0,Resident
780,2011,CC,25,1,1,Resident
781,2011,CC,19,0,0,Unoccupied
782,2011,CC,24,1,0,Resident
783,2011,CC,19,0,0,Unoccupied
784,2011,CC,16,0,0,Unoccupied
785,2011,CC,21,0,0,Unoccupied
786,2011,CC,17,0,0,Unoccupied
787,2011,CC,21,0,0,Unoccupied
788,2011,CC,10,0,0,Unoccupied
789,2011,CC,11,0,0,Unoccupied
790,2011,CC,31,1,0,Resident
791,2011,CC,18,0,0,Unoccupied
792,2011,CC,27,1,0,Resident
793,2011,CC,35,1,0,Resident
794,2011,CC,12,1,0,Resident
795,2011,CC,31,1,0,Resident
796,2011,CC,18,0,0,Unoccupied
797,2011,CC,45,1,0,Resident
798,2011,CC,38,1,0,Resident
799,2011,CC,31,1,0,Resident
800,2011,CC,13,1,0,Resident
801,2011,CC,23,1,0,Resident
802,2011,CC,32,1,0,Resident
803,2011,CC,30,0,0,Unoccupied
804,2011,CC,26,0,0,Unoccupied
805,2011,CC,23,1,0,Resident
806,2011,CC,53,1,0,Resident
807,2011,CC,21,0,0,Unoccupied
808,2011,CC,24,0,0,Unoccupied
809,2011,CC,12,0,0,Unoccupied
810,2011,CC,12,1,0,Resident
811,2011,CC,35,1,0,Resident
812,2011,CC,12,0,0,Unoccupied
813,2011,CC,18,0,0,Unoccupied
814,2011,CC,22,1,0,Resident
815,2011,CC,38,1,0,Resident
816,2011,CC,12,0,0,Unoccupied
817,2011,CC,40,1,0,Resident
818,2011,CC,17,1,0,Resident
819,2011,CC,27,1,0,Resident
820,2011,CC,15,0,0,Unoccupied
821,2011,CC,19,0,0,Unoccupied
822,2011,CC,28,1,0,Resident
823,2011,CC,33,1,0,Resident
824,2011,CC,33,1,0,Resident
825,2011,CC,26,1,0,Resident
826,2011,CC,12,0,0,Unoccupied
827,2011,CC,18,1,0,Resident
828,2011,CC,42,1,0,Resident
829,2011,CC,14,0,0,Unoccupied
830,2011,CC,28,0,0,Unoccupied
831,2011,CC,13,0,0,Unoccupied
832,2011,CC,18,1,0,Resident
833,2011,CC,26,0,0,Unoccupied
834,2011,CC,24,1,0,Resident
835,2011,CC,15,1,0,Resident
836,2011,CC,10,0,0,Unoccupied
837,2011,CC,23,1,0,Resident
838,2011,CC,11,0,0,Unoccupied
839,2011,CC,15,0,0,Unoccupied
840,2011,CC,32,1,0,Resident
841,2011,CC,14,0,0,Unoccupied
842,2011,CC,34,1,0,Resident
843,2011,CC,15,0,0,Unoccupied
844,2011,CC,16,0,0,Unoccupied
845,2011,CC,27,1,0,Resident
846,2011,CC,23,1,0,Resident
847,2011,CC,15,0,0,Unoccupied
848,2011,CC,45,1,0,Resident
849,2011,CC,15,0,0,Unoccupied
850,2011,CC,11,0,0,Unoccupied
851,2011,CC,11,0,0,Unoccupied
852,2011,CC,56,1,1,Resident
853,2011,CC,13,0,0,Unoccupied
854,2011,CC,30,1,0,Resident
855,2011,CC,33,1,0,Resident
856,2011,CC,23,1,0,Resident
857,2011,CC,21,0,0,Unoccupied
858,2011,CC,45,1,0,Resident
859,2011,CC,18,1,0,Resident
860,2011,CC,23,1,0,Resident
861,2011,CC,34,1,0,Resident
862,2011,CC,46,1,1,Resident
863,2011,CC,60,1,0,Resident
864,2011,CC,32,1,0,Resident
865,2011,CC,25,1,0,Resident
866,2011,CC,38,1,0,Resident
867,2011,CC,32,1,0,Resident
868,2011,CC,32,1,0,Resident
869,2011,CC,19,1,0,Resident
870,2011,CC,37,1,0,Resident
871,2011,CC,17,0,0,Unoccupied
872,2011,CC,30,1,0,Resident
873,2011,CC,30,1,0,Resident
874,2011,CC,34,1,0,Resident
875,2011,CC,13,1,0,Resident
876,2011,CC,22,1,0,Resident
877,2011,CC,10,1,0,Resident
878,2011,CC,12,1,0,Resident
879,2011,CC,15,1,0,Resident
880,2011,CC,36,0,0,Unoccupied
881,2011,CC,17,1,0,Resident
882,2011,CC,12,0,0,Unoccupied
883,2011,CC,12,1,0,Resident
884,2011,CC,23,1,0,Resident
885,2011,CC,30,0,0,Unoccupied
886,2011,CC,20,0,0,Unoccupied
887,2011,CC,14,0,0,Unoccupied
888,2011,CC,13,0,0,Unoccupied
889,2011,CC,27,1,0,Resident
890,2011,CC,17,1,0,Resident
891,2011,CC,12,0,0,Unoccupied
892,2011,CC,29,1,0,Resident
893,2011,CC,23,0,0,Unoccupied
894,2011,CC,10,0,0,Unoccupied
895,2011,CC,29,1,0,Resident
896,2011,CC,29,0,0,Unoccupied
897,2011,CC,29,1,0,Resident
898,2011,CC,32,1,1,Resident
899,2011,CC,31,1,0,Resident
900,2011,CC,21,0,0,Unoccupied
901,2011,CC,26,1,0,Resident
902,2011,CC,23,0,0,Unoccupied
903,2011,CC,24,0,0,Unoccupied
904,2011,CC,17,0,0,Unoccupied
905,2011,CC,53,1,0,Resident
906,2011,CC,45,1,0,Resident
907,2011,CC,28,0,0,Unoccupied
908,2011,CC,17,1,0,Resident
909,2011,CC,23,1,0,Resident
910,2011,CC,12,0,0,Unoccupied
911,2011,CC,28,1,0,Resident
912,2011,CC,23,1,0,Resident
913,2011,CC,16,0,0,Unoccupied
914,2011,CC,30,1,0,Resident
915,2011,CC,20,0,0,Unoccupied
916,2011,CC,12,0,0,Unoccupied
917,2011,CC,22,1,0,Resident
918,2011,CC,33,1,0,Resident
919,2011,CC,12,0,0,Unoccupied
920,2011,CC,23,0,0,Unoccupied
921,2011,CC,22,1,0,Resident
922,2011,CC,15,0,0,Unoccupied
923,2011,CC,27,0,0,Unoccupied
924,2011,CC,28,1,0,Resident
925,2011,CC,19,0,0,Unoccupied
926,2011,CC,16,0,0,Unoccupied
927,2011,CC,19,0,0,Unoccupied
928,2011,CC,26,1,0,Resident
929,2011,CC,57,1,1,Resident
930,2011,CC,40,1,0,Resident
931,2011,CC,26,1,0,Resident
932,2011,CC,36,1,0,Resident
933,2011,CC,44,1,0,Resident
934,2011,CC,15,0,0,Unoccupied
935,2011,CC,29,1,0,Resident
936,2011,CC,26,1,0,Resident
937,2011,CC,35,1,0,Resident
938,2011,CC,16,0,0,Unoccupied
939,2011,CC,33,1,0,Resident
940,2011,CC,12,0,0,Unoccupied
941,2011,CC,12,0,0,Unoccupied
942,2011,CC,32,0,0,Unoccupied
943,2011,CC,52,0,0,Unoccupied
944,2011,CC,11,0,0,Unoccupied
945,2011,CC,33,1,0,Resident
946,2011,CC,22,0,0,Unoccupied
947,2011,CC,54,1,0,Resident
948,2011,CC,45,1,0,Resident
949,2011,CC,21,0,0,Unoccupied
950,2011,CC,52,1,0,Resident
951,2011,CC,13,0,0,Unoccupied
952,2011,CC,15,1,0,Resident
953,2011,CC,22,1,0,Resident
954,2011,CC,25,1,0,Resident
955,2011,CC,15,1,0,Resident
956,2011,CC,29,1,0,Resident
957,2011,CC,27,1,0,Resident
958,2011,CC,21,1,0,Resident
959,2011,CC,31,1,0,Resident
960,2011,CC,12,0,0,Unoccupied
961,2011,CC,16,1,0,Resident
962,2011,CC,24,1,0,Resident
963,2011,CC,20,0,0,Unoccupied
964,2011,CC,15,0,0,Unoccupied
965,2011,CC,25,1,0,Resident
966,2011,CC,29,1,0,Resident
967,2011,CC,20,1,0,Resident
968,2011,CC,18,1,0,Resident
969,2011,CC,14,0,0,Unoccupied
970,2011,CC,39,1,0,Resident
971,2011,CC,73,1,0,Resident
972,2011,CC,44,1,0,Resident
973,2011,CC,15,0,0,Unoccupied
974,2011,CC,34,1,0,Resident
975,2011,CC,17,1,0,Resident
976,2011,CC,28,1,0,Resident
977,2011,CC,13,1,0,Resident
978,2011,CC,16,0,0,Unoccupied
979,2011,CC,30,1,0,Resident
980,2011,CC,44,1,0,Resident
981,2011,CC,25,1,0,Resident
982,2011,CC,39,0,0,Unoccupied
983,2011,CC,28,1,1,Resident
984,2011,CC,10,0,0,Unoccupied
985,2011,CC,34,1,0,Resident
986,2011,CC,20,1,0,Resident
987,2011,CC,33,0,0,Unoccupied
988,2011,CC,21,1,0,Resident
989,2011,CC,12,0,0,Unoccupied
990,2011,CC,30,1,0,Resident
991,2011,CC,25,1,0,Resident
992,2011,CC,18,1,0,Resident
993,2011,CC,18,1,0,Resident
994,2011,CC,18,1,0,Resident
995,2011,CC,12,0,0,Unoccupied
996,2011,CC,22,0,0,Unoccupied
997,2011,CC,20,1,0,Resident
998,2011,CC,35,0,0,Unoccupied
999,2011,CC,15,0,0,Unoccupied
1000,2011,CC,26,1,0,Resident
1001,2011,CC,30,1,0,Resident
1002,2011,CC,19,1,0,Resident
1003,2011,CC,20,1,0,Resident
1004,2011,CC,19,0,0,Unoccupied
1005,2011,CC,14,0,0,Unoccupied
1006,2011,CC,21,1,0,Resident
1007,2011,CC,9,1,0,Resident
1008,2011,CC,36,1,1,Resident
1009,2011,CC,26,1,0,Resident
1010,2011,CC,55,0,0,Unoccupied
1011,2011,CC,24,0,0,Unoccupied
1012,2011,CC,10,0,0,Unoccupied
1013,2011,CC,43,1,0,Resident
1014,2011,CC,31,1,0,Resident
1015,2011,CC,31,1,0,Resident
1016,2011,CC,29,1,0,Resident
1017,2011,CC,25,1,0,Resident
1018,2011,CC,33,1,0,Resident
1019,2011,CC,21,1,0,Resident
1020,2011,CC,25,0,0,Unoccupied
1021,2011,CC,12,0,0,Unoccupied
1022,2011,CC,11,0,0,Unoccupied
1023,2011,CC,20,0,0,Unoccupied
1024,2011,CC,16,0,0,Unoccupied
1025,2011,CC,15,0,0,Unoccupied
1026,2011,CC,21,1,0,Resident
1027,2011,CC,37,1,0,Resident
1028,2011,CC,27,1,0,Resident
1029,2011,CC,12,0,0,Unoccupied
1030,2011,CC,23,0,0,Unoccupied
1031,2011,CC,22,1,0,Resident
1032,2011,CC,11,0,0,Unoccupied
1033,2011,CC,18,0,0,Unoccupied
1034,2011,CC,15,0,0,Unoccupied
1035,2011,CC,10,0,0,Unoccupied
1036,2011,CC,33,0,0,Unoccupied
1037,2011,CC,48,1,0,Resident
1038,2011,CC,21,0,0,Unoccupied
1039,2011,CC,32,0,0,Unoccupied
1040,2011,CC,44,1,0,Resident
1041,2011,CC,50,1,0,Resident
1042,2011,CC,36,1,0,Resident
1043,2011,CC,17,0,0,Unoccupied
1044,2011,CC,16,0,0,Unoccupied
1045,2011,CC,12,0,0,Unoccupied
1046,2011,CC,28,1,0,Resident
1047,2011,CC,51,1,0,Resident
1048,2011,CC,10,0,0,Unoccupied
1049,2011,CC,15,0,0,Unoccupied
1050,2011,CC,58,0,0,Unoccupied
1051,2011,CC,11,0,0,Unoccupied
1052,2011,CC,40,1,0,Resident
1053,2011,CC,24,0,0,Unoccupied
1054,2011,CC,17,0,0,Unoccupied
1055,2011,CC,22,1,0,Resident
1056,2011,CC,18,0,0,Unoccupied
1057,2011,CC,19,1,0,Resident
1058,2011,CC,53,1,1,Resident
1059,2011,CC,13,1,0,Resident
1060,2011,CC,17,1,0,Resident
1061,2011,CC,38,1,0,Resident
1062,2011,CC,13,0,0,Unoccupied
1063,2011,CC,28,0,0,Unoccupied
1064,2011,CC,25,1,0,Resident
1065,2011,CC,11,1,0,Resident
1066,2011,CC,24,1,0,Resident
1067,2011,CC,25,1,0,Resident
1068,2011,CC,38,1,0,Resident
1069,2011,CC,45,1,0,Resident
1070,2011,CC,37,1,0,Resident
1071,2011,CC,27,1,0,Resident
1072,2011,CC,10,0,0,Unoccupied
1073,2011,CC,17,1,0,Resident
1074,2011,CC,14,0,0,Unoccupied
1075,2011,CC,12,0,0,Unoccupied
1076,2011,CC,24,0,0,Unoccupied
1077,2011,CC,18,0,0,Unoccupied
1078,2011,CC,34,1,0,Resident
1079,2011,CC,26,1,0,Resident
1080,2011,CC,29,0,0,Unoccupied
1081,2011,CC,26,1,0,Resident
1082,2011,CC,33,1,1,Resident
1083,2011,CC,52,1,0,Resident
1084,2011,CC,38,1,1,Resident
1085,2011,CC,10,0,0,Unoccupied
1086,2011,CC,10,0,0,Unoccupied
1087,2011,CC,24,1,0,Resident
1088,2011,CC,16,1,0,Resident
1089,2011,CC,14,1,0,Resident
1090,2011,CC,15,1,0,Resident
1091,2011,CC,24,1,0,Resident
1092,2011,CC,17,1,0,Resident
1093,2011,CC,11,0,0,Unoccupied
1094,2011,CC,40,1,0,Resident
1095,2011,CC,27,0,0,Unoccupied
1096,2011,CC,34,1,1,Resident
1097,2011,CC,21,0,0,Unoccupied
1098,2011,CC,23,0,0,Unoccupied
1099,2011,CC,11,0,0,Unoccupied
1100,2011,CC,11,1,0,Resident
1101,2011,CC,12,0,0,Unoccupied
1102,2011,CC,14,0,0,Unoccupied
1103,2011,CC,40,1,0,Resident
1104,2011,CC,18,0,0,Unoccupied
1105,2011,CC,11,0,0,Unoccupied
1106,2011,CC,27,0,0,Unoccupied
1107,2011,CC,21,0,0,Unoccupied
1108,2011,CC,20,1,0,Resident
1109,2011,CC,15,0,0,Unoccupied
1110,2011,CC,67,1,0,Resident
1111,2011,CC,22,0,0,Unoccupied
1112,2011,CC,12,0,0,Unoccupied
1113,2011,CC,35,1,0,Resident
1114,2011,CC,41,1,0,Resident
1115,2011,CC,25,1,0,Resident
1116,2011,CC,38,1,0,Resident
1117,2011,CC,17,1,0,Resident
1118,2011,CC,43,1,0,Resident
1119,2011,CC,12,0,0,Unoccupied
1120,2011,CC,17,0,0,Unoccupied
1121,2011,CC,60,0,0,Unoccupied
1122,2011,CC,50,1,0,Resident
1123,2011,CC,12,0,0,Unoccupied
1124,2011,CC,10,0,0,Unoccupied
1125,2011,CC,53,1,0,Resident
1126,2011,CC,31,1,0,Resident
1127,2011,CC,13,0,0,Unoccupied
1128,2011,CC,17,1,0,Resident
1129,2011,CC,24,1,0,Resident
1130,2011,CC,19,0,0,Unoccupied
1131,2011,CC,50,1,0,Resident
1132,2011,CC,22,1,0,Resident
1133,2011,CC,26,0,0,Unoccupied
1134,2011,CC,45,1,0,Resident
1135,2011,CC,29,0,0,Unoccupied
1136,2011,CC,85,1,0,Resident
1137,2011,CC,46,1,0,Resident
1138,2011,CC,22,1,0,Resident
1139,2011,CC,47,1,0,Resident
1140,2011,CC,22,0,0,Unoccupied
1141,2011,CC,10,0,0,Unoccupied
1142,2011,CC,12,0,0,Unoccupied
1143,2011,CC,17,0,0,Unoccupied
1144,2011,CC,33,1,0,Resident
1145,2011,CC,10,0,0,Unoccupied
1146,2011,CC,19,0,0,Unoccupied
1147,2011,CC,25,1,0,Resident
1148,2011,CC,16,1,0,Resident
1149,2011,CC,19,0,0,Unoccupied
1150,2011,CC,21,0,0,Unoccupied
1151,2011,CC,22,1,0,Resident
1152,2011,CC,31,1,0,Resident
1153,2011,CC,21,0,0,Unoccupied
1154,2011,CC,20,0,0,Unoccupied
1155,2011,CC,27,1,0,Resident
1156,2011,CC,18,0,0,Unoccupied
1157,2011,CC,23,1,0,Resident
1158,2011,CC,29,1,0,Resident
1159,2011,CC,13,0,0,Unoccupied
1160,2011,CC,35,1,0,Resident
1161,2011,CC,34,1,0,Resident
1162,2011,CC,23,1,0,Resident
1163,2011,CC,35,1,0,Resident
1164,2011,CC,11,0,0,Unoccupied
1165,2011,CC,15,0,0,Unoccupied
1166,2011,CC,16,0,0,Unoccupied
1167,2011,CC,30,0,0,Unoccupied
1168,2011,CC,26,1,0,Resident
1169,2011,CC,23,1,0,Resident
1170,2011,CC,44,1,0,Resident
1171,2011,CC,26,1,0,Resident
1172,2011,CC,25,1,0,Resident
1173,2011,CC,25,0,0,Unoccupied
1174,2011,CC,28,1,0,Resident
1175,2011,CC,24,1,0,Resident
1176,2011,CC,27,0,0,Unoccupied
1177,2011,CC,49,1,0,Resident
1178,2011,CC,36,0,0,Unoccupied
1179,2011,CC,37,1,0,Resident
1180,2011,CC,17,0,0,Unoccupied
1181,2011,CC,31,1,0,Resident
1182,2011,CC,12,0,0,Unoccupied
1183,2011,CC,25,1,0,Resident
1184,2011,CC,24,0,0,Unoccupied
1185,2011,CC,22,0,0,Unoccupied
1186,2011,CC,17,1,0,Resident
1187,2011,CC,11,0,0,Unoccupied
1188,2011,CC,28,0,0,Unoccupied
1189,2011,CC,43,1,0,Resident
1190,2011,CC,29,0,0,Unoccupied
1191,2011,CC,12,0,0,Unoccupied
1192,2011,CC,10,0,0,Unoccupied
1193,2011,CC,31,1,1,Resident
1194,2011,CC,15,0,0,Unoccupied
1195,2011,CC,37,1,0,Resident
1196,2011,CC,24,0,0,Unoccupied
1197,2011,CC,11,0,0,Unoccupied
1198,2011,CC,53,1,0,Resident
1199,2011,CC,37,1,0,Resident
1200,2011,CC,21,1,1,Resident
1201,2011,CC,15,0,0,Unoccupied
1202,2011,CC,31,1,0,Resident
1203,2011,CC,32,1,0,Resident
1204,2011,CC,15,0,0,Unoccupied
1205,2011,CC,20,0,0,Unoccupied
1206,2011,CC,19,1,0,Resident
1207,2011,CC,13,1,0,Resident
1208,2011,CC,18,0,0,Unoccupied
1209,2011,CC,32,0,0,Unoccupied
1210,2011,CC,49,1,1,Resident
1211,2011,CC,11,0,0,Unoccupied
1212,2011,CC,12,0,0,Unoccupied
1213,2011,CC,21,0,0,Unoccupied
1214,2011,CC,21,0,0,Unoccupied
1215,2011,CC,23,1,0,Resident
1216,2011,CC,10,0,0,Unoccupied
1217,2011,CC,20,0,0,Unoccupied
1218,2011,CC,17,0,0,Unoccupied
1219,2011,CC,11,0,0,Unoccupied
1220,2011,CC,14,0,0,Unoccupied
1221,2011,CC,11,0,0,Unoccupied
1222,2011,CC,18,1,0,Resident
1223,2011,CC,10,0,0,Unoccupied
1224,2011,CC,28,1,0,Resident
1225,2011,CC,63,1,0,Resident
1226,2011,CC,26,0,0,Unoccupied
1227,2011,CC,53,1,0,Resident
1228,2011,CC,25,0,0,Unoccupied
1229,2011,CC,46,1,1,Resident
1230,2011,CC,28,1,1,Resident
1231,2011,CC,12,0,0,Unoccupied
1232,2011,CC,11,0,0,Unoccupied
1233,2011,CC,35,1,0,Resident
1234,2011,CC,35,1,0,Resident
1235,2011,CC,28,1,0,Resident
1236,2011,CC,56,1,0,Resident
1237,2011,CC,15,0,0,Unoccupied
1238,2011,CC,13,0,0,Unoccupied
1239,2011,CC,18,0,0,Unoccupied
1240,2011,CC,47,1,0,Resident
1241,2011,CC,14,1,0,Resident
1242,2011,CC,32,1,0,Resident
1243,2011,CC,27,1,0,Resident
1244,2011,CC,18,0,0,Unoccupied
1245,2011,CC,10,0,0,Unoccupied
1246,2011,CC,26,1,0,Resident
1247,2011,CC,18,1,0,Resident
1248,2011,CC,12,0,0,Unoccupied
1249,2011,CC,14,0,0,Unoccupied
1250,2011,CC,46,1,0,Resident
1251,2011,CC,21,1,0,Resident
1252,2011,CC,24,1,0,Resident
1253,2011,CC,44,0,0,Unoccupied
1254,2011,CC,42,1,0,Resident
1255,2011,CC,14,1,0,Resident
1256,2011,CC,24,1,0,Resident
1257,2011,CC,25,0,0,Unoccupied
1258,2011,CC,10,0,0,Unoccupied
1259,2011,CC,40,0,0,Unoccupied
1260,2011,CC,33,1,0,Resident
1261,2011,CC,33,1,0,Resident
1262,2011,CC,50,0,0,Unoccupied
1263,2011,CC,10,0,0,Unoccupied
1264,2011,CC,12,0,0,Unoccupied
1265,2011,CC,13,0,0,Unoccupied
1266,2011,CC,33,1,0,Resident
1267,2011,CC,42,1,0,Resident
1268,2011,CC,34,0,0,Unoccupied
1269,2011,CC,13,0,0,Unoccupied
1270,2011,CC,17,0,0,Unoccupied
1271,2011,CC,28,1,0,Resident
1272,2011,CC,44,1,0,Resident
1273,2011,CC,51,1,0,Resident
1274,2011,CC,15,0,0,Unoccupied
1275,2011,CC,18,1,0,Resident
1276,2011,CC,31,1,0,Resident
1277,2011,CC,11,0,0,Unoccupied
1278,2011,CC,41,1,0,Resident
1279,2011,CC,20,1,0,Resident
1280,2011,CC,57,0,0,Unoccupied
1281,2011,CC,23,1,0,Resident
1282,2011,CC,23,1,0,Resident
1283,2011,CC,21,1,0,Resident
1284,2011,CC,34,1,0,Resident
1285,2011,CC,46,1,0,Resident
1286,2011,CC,25,0,0,Unoccupied
1287,2011,CC,10,0,0,Unoccupied
1288,2011,CC,10,0,0,Unoccupied
1289,2011,CC,38,1,0,Resident
1290,2011,CC,43,1,0,Resident
1291,2011,CC,21,1,0,Resident
1292,2011,CC,32,0,0,Unoccupied
1293,2011,CC,25,1,0,Resident
1294,2011,CC,11,0,0,Unoccupied
1295,2011,CC,27,1,0,Resident
1296,2011,CC,21,0,0,Unoccupied
1297,2011,CC,65,1,0,Resident
1298,2011,CC,10,0,0,Unoccupied
1299,2011,CC,36,1,0,Resident
1300,2011,CC,12,0,0,Unoccupied
1301,2011,CC,45,1,0,Resident
1302,2011,CC,36,1,0,Resident
1303,2011,CC,11,1,0,Resident
1304,2011,CC,35,1,0,Resident
1305,2011,CC,14,0,0,Unoccupied
1306,2011,CC,21,0,0,Unoccupied
1307,2011,CC,55,1,0,Resident
1308,2011,CC,39,1,0,Resident
1309,2011,CC,21,0,0,Unoccupied
1310,2011,CC,18,1,0,Resident
1311,2011,CC,52,1,0,Resident
1312,2011,CC,14,0,0,Unoccupied
1313,2011,CC,13,1,0,Resident
1314,2011,CC,18,1,0,Resident
1315,2011,CC,12,1,0,Resident
1316,2011,CC,12,0,0,Unoccupied
1317,2011,CC,33,0,0,Unoccupied
1318,2011,CC,10,0,0,Unoccupied
1319,2011,CC,10,0,0,Unoccupied
1320,2011,CC,19,0,0,Unoccupied
1321,2011,CC,29,0,0,Unoccupied
1322,2011,CC,38,1,0,Resident
1323,2011,CC,21,1,0,Resident
1324,2011,CC,41,1,0,Resident
1325,2011,CC,12,1,0,Resident
1326,2011,CC,16,0,0,Unoccupied
1327,2011,CC,28,1,0,Resident
1328,2011,CC,10,0,0,Unoccupied
1329,2011,CC,45,1,0,Resident
1330,2011,CC,18,0,0,Unoccupied
1331,2011,CC,30,1,0,Resident
1332,2011,CC,12,0,0,Unoccupied
1333,2011,CC,12,1,0,Resident
1334,2011,CC,11,1,0,Resident
1335,2011,CC,57,1,0,Resident
1336,2011,CC,15,1,0,Resident
1337,2011,CC,47,1,0,Resident
1338,2011,CC,35,1,0,Resident
1339,2011,CC,49,0,0,Unoccupied
1340,2011,CC,23,1,0,Resident
1341,2011,CC,25,1,0,Resident
1342,2011,CC,23,1,0,Resident
1343,2011,CC,33,1,0,Resident
1344,2011,CC,22,1,0,Resident
1345,2011,CC,51,1,0,Resident
1346,2011,CC,17,0,0,Unoccupied
1347,2011,CC,37,1,0,Resident
1348,2011,CC,16,1,0,Resident
1349,2011,CC,12,1,0,Resident
1350,2011,CC,30,0,0,Unoccupied
1351,2011,CC,24,0,0,Unoccupied
1352,2011,CC,17,0,0,Unoccupied
1353,2011,CC,12,0,0,Unoccupied
1354,2011,CC,42,1,0,Resident
1355,2011,CC,23,1,0,Resident
1356,2011,CC,11,0,0,Unoccupied
1357,2011,CC,16,0,0,Unoccupied
1358,2011,CC,10,0,0,Unoccupied
1359,2011,CC,12,0,0,Unoccupied
1360,2011,CC,24,1,0,Resident
1361,2011,CC,27,1,0,Resident
1362,2011,CC,20,1,0,Resident
1363,2011,CC,11,1,0,Resident
1364,2011,CC,17,1,0,Resident
1365,2011,CC,38,1,0,Resident
1366,2011,CC,29,1,0,Resident
1367,2011,CC,17,0,0,Unoccupied
1368,2011,CC,36,1,0,Resident
1369,2011,CC,22,1,0,Resident
1370,2011,CC,44,1,0,Resident
1371,2011,CC,37,1,0,Resident
1372,2011,CC,11,0,0,Unoccupied
1373,2011,CC,19,0,0,Unoccupied
1374,2011,CC,18,0,0,Unoccupied
1375,2011,CC,18,1,0,Resident
1376,2011,CC,34,1,0,Resident
1377,2011,CC,44,1,0,Resident
1378,2011,CC,33,0,0,Unoccupied
1379,2011,CC,12,0,0,Unoccupied
1380,2011,CC,21,1,0,Resident
1381,2011,CC,38,1,0,Resident
1382,2011,CC,16,0,0,Unoccupied
1383,2011,CC,33,1,0,Resident
1384,2011,CC,14,0,0,Unoccupied
1385,2011,CC,14,0,0,Unoccupied
1386,2011,CC,31,1,0,Resident
1387,2011,CC,27,1,0,Resident
1388,2011,CC,17,1,0,Resident
1389,2011,CC,10,0,0,Unoccupied
1390,2011,CC,17,0,0,Unoccupied
1391,2011,CC,19,1,0,Resident
1392,2011,CC,18,1,0,Resident
1393,2011,CC,21,1,0,Resident
1394,2011,CC,34,1,0,Resident
1395,2011,CC,31,0,0,Unoccupied
1396,2011,CC,19,1,0,Resident
1397,2011,CC,43,1,0,Resident
1398,2011,CC,16,0,0,Unoccupied
1399,2011,CC,28,1,0,Resident
1400,2011,CC,12,0,0,Unoccupied
1401,2011,CC,14,0,0,Unoccupied
1402,2011,CC,36,1,0,Resident
1403,2011,CC,17,0,0,Unoccupied
1404,2011,CC,29,0,0,Unoccupied
1,2010,CB,24,1,0,Resident
2,2010,CB,48,1,0,Resident
3,2010,CB,39,1,0,Resident
4,2010,CB,16,0,0,Unoccupied
5,2010,CB,13,0,0,Unoccupied
6,2010,CB,42,0,0,Unoccupied
7,2010,CB,22,1,0,Resident
8,2010,CB,24,0,0,Unoccupied
9,2010,CB,28,1,0,Resident
10,2010,CB,10,0,0,Unoccupied
11,2010,CB,23,0,0,Unoccupied
12,2010,CB,22,0,0,Unoccupied
13,2010,CB,26,0,0,Unoccupied
14,2010,CB,6,0,0,Unoccupied
15,2010,CB,34,0,0,Unoccupied
16,2010,CB,20,0,0,Unoccupied
17,2010,CB,48,0,0,Unoccupied
18,2010,CB,12,0,0,Unoccupied
19,2010,CB,7,0,0,Unoccupied
20,2010,CB,24,0,0,Unoccupied
21,2010,CB,6,0,0,Unoccupied
22,2010,CB,25,0,0,Unoccupied
23,2010,CB,14,0,0,Unoccupied
24,2010,CB,9,0,0,Unoccupied
25,2010,CB,16,0,0,Unoccupied
26,2010,CB,6,0,0,Unoccupied
27,2010,CB,14,0,0,Unoccupied
28,2010,CB,18,0,0,Unoccupied
29,2010,CB,8,0,0,Unoccupied
30,2010,CB,11,0,0,Unoccupied
31,2010,CB,41,1,0,Resident
32,2010,CB,14,0,0,Unoccupied
33,2010,CB,13,0,0,Unoccupied
34,2010,CB,17,0,0,Unoccupied
35,2010,CB,20,0,0,Unoccupied
36,2010,CB,55,1,1,Resident
37,2010,CB,40,1,0,Resident
38,2010,CB,28,1,0,Resident
39,2010,CB,31,0,0,Unoccupied
40,2010,CB,15,0,0,Unoccupied
41,2010,CB,19,0,0,Unoccupied
42,2010,CB,14,0,0,Unoccupied
43,2010,CB,19,0,0,Unoccupied
44,2010,CB,18,0,0,Unoccupied
45,2010,CB,30,0,0,Unoccupied
46,2010,CB,6,0,0,Unoccupied
47,2010,CB,5,0,0,Unoccupied
48,2010,CB,11,0,0,Unoccupied
49,2010,CB,6,0,0,Unoccupied
50,2010,CB,14,0,0,Unoccupied
51,2010,CB,23,0,0,Unoccupied
52,2010,CB,9,0,0,Unoccupied
53,2010,CB,18,0,0,Unoccupied
54,2010,CB,11,0,0,Unoccupied
55,2010,CB,17,0,0,Unoccupied
56,2010,CB,8,0,0,Unoccupied
57,2010,CB,8,0,0,Unoccupied
58,2010,CB,7,0,0,Unoccupied
59,2010,CB,11,0,0,Unoccupied
60,2010,CB,13,0,0,Unoccupied
61,2010,CB,8,0,0,Unoccupied
62,2010,CB,6,0,0,Unoccupied
63,2010,CB,7,0,0,Unoccupied
64,2010,CB,4,0,0,Unoccupied
65,2010,CB,2,0,0,Unoccupied
66,2010,CB,6,0,0,Unoccupied
67,2010,CB,12,0,0,Unoccupied
68,2010,CB,14,0,0,Unoccupied
69,2010,CB,15,0,0,Unoccupied
70,2010,CB,8,0,0,Unoccupied
71,2010,CB,9,0,0,Unoccupied
72,2010,CB,9,0,0,Unoccupied
73,2010,CB,15,0,0,Unoccupied
74,2010,CB,15,0,0,Unoccupied
75,2010,CB,15,0,0,Unoccupied
76,2010,CB,18,0,0,Unoccupied
77,2010,CB,11,0,0,Unoccupied
78,2010,CB,41,0,0,Unoccupied
79,2010,CB,22,1,0,Resident
80,2010,CB,20,0,0,Unoccupied
81,2010,CB,8,0,0,Unoccupied
82,2010,CB,16,0,0,Unoccupied
83,2010,CB,8,0,0,Unoccupied
84,2010,CB,19,0,0,Unoccupied
85,2010,CB,8,0,0,Unoccupied
86,2010,CB,16,0,0,Unoccupied
87,2010,CB,15,0,0,Unoccupied
88,2010,CB,21,0,0,Unoccupied
89,2010,CB,34,1,0,Resident
90,2010,CB,12,0,0,Unoccupied
91,2010,CB,16,0,0,Unoccupied
92,2010,CB,8,0,0,Unoccupied
93,2010,CB,16,0,0,Unoccupied
94,2010,CB,18,0,0,Unoccupied
95,2010,CB,11,0,0,Unoccupied
96,2010,CB,4,0,0,Unoccupied
97,2010,CB,10,0,0,Unoccupied
98,2010,CB,7,0,0,Unoccupied
99,2010,CB,16,0,0,Unoccupied
100,2010,CB,19,0,0,Unoccupied
101,2010,CB,10,0,0,Unoccupied
102,2010,CB,5,0,0,Unoccupied
103,2010,CB,10,0,0,Unoccupied
104,2010,CB,7,0,0,Unoccupied
105,2010,CB,5,0,0,Unoccupied
106,2010,CB,12,0,0,Unoccupied
107,2010,CB,11,0,0,Unoccupied
108,2010,CB,27,0,0,Unoccupied
109,2010,CB,6,0,0,Unoccupied
110,2010,CB,7,0,0,Unoccupied
111,2010,CB,8,0,0,Unoccupied
112,2010,CB,11,0,0,Unoccupied
113,2010,CB,14,0,0,Unoccupied
114,2010,CB,27,0,0,Unoccupied
115,2010,CB,16,0,0,Unoccupied
116,2010,CB,17,0,0,Unoccupied
117,2010,CB,6,0,0,Unoccupied
118,2010,CB,5,0,0,Unoccupied
119,2010,CB,7,0,0,Unoccupied
120,2010,CB,20,1,0,Resident
121,2010,CB,4,0,0,Unoccupied
122,2010,CB,14,0,0,Unoccupied
123,2010,CB,14,0,0,Unoccupied
124,2010,CB,5,0,0,Unoccupied
125,2010,CB,12,0,0,Unoccupied
126,2010,CB,4,0,0,Unoccupied
127,2010,CB,20,0,0,Unoccupied
128,2010,CB,12,0,0,Unoccupied
129,2010,CB,19,0,0,Unoccupied
130,2010,CB,17,0,0,Unoccupied
131,2010,CB,10,0,0,Unoccupied
132,2010,CB,2,0,0,Unoccupied
133,2010,CB,14,0,0,Unoccupied
134,2010,CB,7,0,0,Unoccupied
135,2010,CB,11,0,0,Unoccupied
136,2010,CB,2,0,0,Unoccupied
137,2010,CB,4,0,0,Unoccupied
138,2010,CB,10,0,0,Unoccupied
139,2010,CB,10,0,0,Unoccupied
140,2010,CB,24,0,0,Unoccupied
141,2010,CB,15,0,0,Unoccupied
142,2010,CB,14,0,0,Unoccupied
143,2010,CB,6,0,0,Unoccupied
144,2010,CB,40,1,0,Resident
145,2010,CB,6,0,0,Unoccupied
146,2010,CB,18,0,0,Unoccupied
147,2010,CB,12,0,0,Unoccupied
148,2010,CB,15,0,0,Unoccupied
149,2010,CB,7,0,0,Unoccupied
150,2010,CB,9,0,0,Unoccupied
151,2010,CB,7,0,0,Unoccupied
152,2010,CB,5,0,0,Unoccupied
153,2010,CB,6,0,0,Unoccupied
154,2010,CB,7,0,0,Unoccupied
155,2010,CB,6,0,0,Unoccupied
156,2010,CB,5,0,0,Unoccupied
157,2010,CB,3,0,0,Unoccupied
158,2010,CB,2,0,0,Unoccupied
159,2010,CB,16,1,0,Resident
160,2010,CB,3,0,0,Unoccupied
161,2010,CB,8,0,0,Unoccupied
162,2010,CB,24,0,0,Unoccupied
163,2010,CB,3,0,0,Unoccupied
164,2010,CB,14,0,0,Unoccupied
165,2010,CB,12,0,0,Unoccupied
166,2010,CB,18,0,0,Unoccupied
167,2010,CB,13,0,0,Unoccupied
168,2010,CB,6,0,0,Unoccupied
169,2010,CB,12,0,0,Unoccupied
170,2010,CB,7,0,0,Unoccupied
171,2010,CB,4,0,0,Unoccupied
172,2010,CB,10,0,0,Unoccupied
173,2010,CB,3,0,0,Unoccupied
174,2010,CB,14,0,0,Unoccupied
175,2010,CB,8,0,0,Unoccupied
176,2010,CB,4,0,0,Unoccupied
177,2010,CB,11,0,0,Unoccupied
178,2010,CB,8,0,0,Unoccupied
179,2010,CB,18,0,0,Unoccupied
180,2010,CB,16,0,0,Unoccupied
181,2010,CB,6,0,0,Unoccupied
182,2010,CB,4,0,0,Unoccupied
183,2010,CB,10,0,0,Unoccupied
184,2010,CB,5,0,0,Unoccupied
185,2010,CB,39,1,0,Resident
186,2010,CB,15,0,0,Unoccupied
187,2010,CB,20,0,0,Unoccupied
188,2010,CB,5,0,0,Unoccupied
189,2010,CB,32,0,0,Unoccupied
190,2010,CB,13,0,0,Unoccupied
191,2010,CB,15,0,0,Unoccupied
192,2010,CB,17,0,0,Unoccupied
193,2010,CB,15,0,0,Unoccupied
194,2010,CB,10,0,0,Unoccupied
195,2010,CB,25,0,0,Unoccupied
196,2010,CB,28,1,0,Resident
197,2010,CB,11,0,0,Unoccupied
198,2010,CB,10,0,0,Unoccupied
199,2010,CB,7,0,0,Unoccupied
200,2010,CB,6,0,0,Unoccupied
201,2010,CB,10,0,0,Unoccupied
202,2010,CB,14,0,0,Unoccupied
203,2010,CB,30,0,0,Unoccupied
204,2010,CB,14,0,0,Unoccupied
205,2010,CB,31,0,0,Unoccupied
206,2010,CB,26,0,0,Unoccupied
207,2010,CB,10,0,0,Unoccupied
208,2010,CB,12,0,0,Unoccupied
209,2010,CB,14,0,0,Unoccupied
210,2010,CB,4,0,0,Unoccupied
211,2010,CB,19,0,0,Unoccupied
212,2010,CB,9,0,0,Unoccupied
213,2010,CB,7,0,0,Unoccupied
214,2010,CB,6,0,0,Unoccupied
215,2010,CB,9,0,0,Unoccupied
216,2010,CB,2,0,0,Unoccupied
217,2010,CB,8,0,0,Unoccupied
218,2010,CB,9,0,0,Unoccupied
219,2010,CB,6,0,0,Unoccupied
220,2010,CB,6,0,0,Unoccupied
221,2010,CB,2,0,0,Unoccupied
222,2010,CB,12,0,0,Unoccupied
223,2010,CB,3,0,0,Unoccupied
224,2010,CB,6,0,0,Unoccupied
225,2010,CB,5,0,0,Unoccupied
226,2010,CB,8,0,0,Unoccupied
227,2010,CB,10,0,0,Unoccupied
228,2010,CB,29,0,0,Unoccupied
229,2010,CB,28,0,0,Unoccupied
230,2010,CB,51,1,0,Resident
231,2010,CB,46,1,1,Resident
232,2010,CB,51,1,1,Resident
233,2010,CB,44,1,0,Resident
234,2010,CB,15,0,0,Unoccupied
235,2010,CB,9,0,0,Unoccupied
236,2010,CB,30,1,0,Resident
237,2010,CB,33,1,0,Resident
238,2010,CB,47,0,0,Unoccupied
239,2010,CB,46,0,0,Unoccupied
240,2010,CB,19,0,0,Unoccupied
241,2010,CB,15,0,0,Unoccupied
242,2010,CB,11,0,0,Unoccupied
243,2010,CB,34,1,0,Resident
244,2010,CB,44,1,0,Resident
245,2010,CB,24,0,0,Unoccupied
246,2010,CB,31,1,0,Resident
247,2010,CB,7,0,0,Unoccupied
248,2010,CB,10,0,0,Unoccupied
249,2010,CB,11,0,0,Unoccupied
250,2010,CB,38,1,1,Resident
251,2010,CB,25,1,0,Resident
252,2010,CB,13,0,0,Unoccupied
253,2010,CB,7,0,0,Unoccupied
254,2010,CB,28,1,0,Resident
255,2010,CB,23,0,0,Unoccupied
256,2010,CB,16,0,0,Unoccupied
257,2010,CB,9,0,0,Unoccupied
258,2010,CB,6,0,0,Unoccupied
259,2010,CB,4,0,0,Unoccupied
260,2010,CB,13,0,0,Unoccupied
261,2010,CB,25,1,0,Resident
262,2010,CB,5,0,0,Unoccupied
263,2010,CB,32,1,0,Resident
264,2010,CB,22,1,0,Resident
265,2010,CB,72,1,0,Resident
266,2010,CB,54,1,0,Resident
267,2010,CB,27,1,0,Resident
268,2010,CB,31,0,0,Unoccupied
269,2010,CB,17,0,0,Unoccupied
270,2010,CB,56,1,0,Resident
271,2010,CB,25,1,0,Resident
272,2010,CB,13,0,0,Unoccupied
273,2010,CB,19,0,0,Unoccupied
274,2010,CB,34,0,0,Unoccupied
275,2010,CB,9,0,0,Unoccupied
276,2010,CB,6,0,0,Unoccupied
277,2010,CB,14,1,0,Resident
278,2010,CB,39,1,0,Resident
279,2010,CB,10,1,0,Resident
280,2010,CB,30,1,0,Resident
281,2010,CB,36,0,0,Unoccupied
282,2010,CB,58,1,0,Resident
283,2010,CB,17,0,0,Unoccupied
284,2010,CB,41,1,0,Resident
285,2010,CB,9,0,0,Unoccupied
286,2010,CB,57,1,0,Resident
287,2010,CB,32,1,0,Resident
288,2010,CB,80,0,0,Unoccupied
289,2010,CB,10,0,0,Unoccupied
290,2010,CB,10,0,0,Unoccupied
291,2010,CB,6,0,0,Unoccupied
292,2010,CB,27,1,0,Resident
293,2010,CB,18,0,0,Unoccupied
294,2010,CB,21,0,0,Unoccupied
295,2010,CB,10,0,0,Unoccupied
296,2010,CB,34,1,0,Resident
297,2010,CB,66,1,0,Resident
298,2010,CB,12,0,0,Unoccupied
299,2010,CB,32,0,0,Unoccupied
300,2010,CB,44,1,0,Resident
301,2010,CB,26,1,0,Resident
302,2010,CB,28,0,0,Unoccupied
303,2010,CB,22,1,0,Resident
304,2010,CB,28,1,0,Resident
305,2010,CB,28,0,0,Unoccupied
306,2010,CB,34,1,0,Resident
307,2010,CB,36,1,0,Resident
308,2010,CB,15,0,0,Unoccupied
309,2010,CB,25,1,1,Resident
310,2010,CB,47,1,0,Resident
311,2010,CB,19,0,0,Unoccupied
312,2010,CB,24,0,0,Unoccupied
313,2010,CB,10,0,0,Unoccupied
314,2010,CB,4,0,0,Unoccupied
315,2010,CB,9,0,0,Unoccupied
316,2010,CB,6,0,0,Unoccupied
317,2010,CB,29,0,0,Unoccupied
318,2010,CB,6,0,0,Unoccupied
319,2010,CB,7,0,0,Unoccupied
320,2010,CB,6,0,0,Unoccupied
321,2010,CB,9,0,0,Unoccupied
322,2010,CB,11,0,0,Unoccupied
323,2010,CB,8,0,0,Unoccupied
324,2010,CB,16,0,0,Unoccupied
325,2010,CB,12,0,0,Unoccupied
326,2010,CB,15,0,0,Unoccupied
327,2010,CB,30,0,0,Unoccupied
328,2010,CB,15,0,0,Unoccupied
329,2010,CB,10,0,0,Unoccupied
330,2010,CB,4,0,0,Unoccupied
331,2010,CB,28,0,0,Unoccupied
332,2010,CB,14,0,0,Unoccupied
333,2010,CB,11,0,0,Unoccupied
334,2010,CB,11,0,0,Unoccupied
335,2010,CB,19,0,0,Unoccupied
336,2010,CB,45,0,0,Unoccupied
337,2010,CB,41,0,0,Unoccupied
338,2010,CB,16,1,0,Resident
339,2010,CB,19,0,0,Unoccupied
340,2010,CB,22,0,0,Unoccupied
341,2010,CB,36,0,0,Unoccupied
342,2010,CB,17,1,0,Resident
343,2010,CB,38,1,0,Resident
344,2010,CB,26,0,0,Unoccupied
345,2010,CB,36,1,0,Resident
346,2010,CB,18,1,0,Resident
347,2010,CB,12,0,0,Unoccupied
348,2010,CB,15,0,0,Unoccupied
349,2010,CB,12,0,0,Unoccupied
350,2010,CB,9,0,0,Unoccupied
351,2010,CB,21,1,0,Resident
352,2010,CB,12,0,0,Unoccupied
353,2010,CB,11,0,0,Unoccupied
354,2010,CB,8,0,0,Unoccupied
355,2010,CB,23,1,0,Resident
356,2010,CB,15,0,0,Unoccupied
357,2010,CB,44,1,0,Resident
358,2010,CB,13,1,0,Resident
359,2010,CB,7,0,0,Unoccupied
360,2010,CB,8,0,0,Unoccupied
361,2010,CB,11,0,0,Unoccupied
362,2010,CB,12,0,0,Unoccupied
363,2010,CB,5,0,0,Unoccupied
364,2010,CB,22,1,0,Resident
365,2010,CB,53,1,0,Resident
366,2010,CB,13,1,0,Resident
367,2010,CB,51,1,0,Resident
368,2010,CB,25,1,0,Resident
369,2010,CB,18,0,0,Unoccupied
370,2010,CB,5,0,0,Unoccupied
371,2010,CB,25,1,0,Resident
372,2010,CB,39,0,0,Unoccupied
373,2010,CB,28,0,0,Unoccupied
374,2010,CB,39,0,0,Unoccupied
375,2010,CB,31,0,0,Unoccupied
376,2010,CB,24,1,0,Resident
377,2010,CB,20,0,0,Unoccupied
378,2010,CB,22,0,0,Unoccupied
379,2010,CB,35,0,0,Unoccupied
380,2010,CB,13,0,0,Unoccupied
381,2010,CB,35,0,0,Unoccupied
382,2010,CB,37,1,0,Resident
383,2010,CB,21,0,0,Unoccupied
384,2010,CB,12,0,0,Unoccupied
385,2010,CB,8,0,0,Unoccupied
386,2010,CB,25,0,0,Unoccupied
387,2010,CB,10,0,0,Unoccupied
388,2010,CB,30,1,0,Resident
389,2010,CB,34,1,0,Resident
390,2010,CB,31,0,0,Unoccupied
391,2010,CB,31,0,0,Unoccupied
392,2010,CB,6,0,0,Unoccupied
393,2010,CB,42,1,0,Resident
394,2010,CB,8,0,0,Unoccupied
395,2010,CB,30,1,1,Resident
396,2010,CB,17,0,0,Unoccupied
397,2010,CB,2,0,0,Unoccupied
398,2010,CB,27,1,0,Resident
399,2010,CB,54,1,0,Resident
400,2010,CB,38,0,0,Unoccupied
401,2010,CB,24,0,0,Unoccupied
402,2010,CB,13,0,0,Unoccupied
403,2010,CB,4,0,0,Unoccupied
404,2010,CB,16,1,0,Resident
405,2010,CB,23,1,0,Resident
406,2010,CB,17,1,0,Resident
407,2010,CB,17,1,0,Resident
408,2010,CB,6,0,0,Unoccupied
409,2010,CB,22,0,0,Unoccupied
410,2010,CB,27,0,0,Unoccupied
411,2010,CB,17,0,0,Unoccupied
412,2010,CB,37,0,0,Unoccupied
413,2010,CB,11,0,0,Unoccupied
414,2010,CB,9,0,0,Unoccupied
415,2010,CB,10,0,0,Unoccupied
416,2010,CB,29,1,0,Resident
417,2010,CB,43,1,0,Resident
418,2010,CB,4,0,0,Unoccupied
419,2010,CB,10,0,0,Unoccupied
420,2010,CB,30,1,0,Resident
421,2010,CB,15,0,0,Unoccupied
422,2010,CB,25,0,0,Unoccupied
423,2010,CB,15,0,0,Unoccupied
424,2010,CB,16,1,0,Resident
425,2010,CB,28,0,0,Unoccupied
426,2010,CB,12,0,0,Unoccupied
427,2010,CB,19,1,0,Resident
428,2010,CB,3,0,0,Unoccupied
429,2010,CB,13,0,0,Unoccupied
430,2010,CB,26,0,0,Unoccupied
431,2010,CB,13,0,0,Unoccupied
432,2010,CB,5,0,0,Unoccupied
433,2010,CB,10,0,0,Unoccupied
434,2010,CB,7,0,0,Unoccupied
435,2010,CB,1,0,0,Unoccupied
436,2010,CB,4,0,0,Unoccupied
437,2010,CB,23,1,0,Resident
438,2010,CB,5,0,0,Unoccupied
439,2010,CB,24,0,0,Unoccupied
440,2010,CB,14,0,0,Unoccupied
441,2010,CB,8,0,0,Unoccupied
442,2010,CB,55,1,0,Resident
443,2010,CB,16,0,0,Unoccupied
444,2010,CB,32,1,0,Resident
445,2010,CB,18,0,0,Unoccupied
446,2010,CB,11,0,0,Unoccupied
447,2010,CB,24,1,0,Resident
448,2010,CB,7,0,0,Unoccupied
449,2010,CB,41,1,0,Resident
450,2010,CB,7,0,0,Unoccupied
451,2010,CB,17,0,0,Unoccupied
452,2010,CB,4,0,0,Unoccupied
453,2010,CB,15,0,0,Unoccupied
454,2010,CB,16,0,0,Unoccupied
455,2010,CB,58,1,0,Resident
456,2010,CB,63,1,0,Resident
457,2010,CB,5,0,0,Unoccupied
458,2010,CB,8,0,0,Unoccupied
459,2010,CB,18,1,0,Resident
460,2010,CB,10,1,0,Resident
461,2010,CB,9,0,0,Unoccupied
462,2010,CB,14,0,0,Unoccupied
463,2010,CB,30,1,0,Resident
464,2010,CB,10,0,0,Unoccupied
465,2010,CB,15,0,0,Unoccupied
466,2010,CB,9,0,0,Unoccupied
467,2010,CB,40,1,0,Resident
468,2010,CB,17,1,0,Resident
469,2010,CB,24,1,0,Resident
470,2010,CB,31,1,0,Resident
471,2010,CB,15,0,0,Unoccupied
472,2010,CB,9,0,0,Unoccupied
473,2010,CB,4,0,0,Unoccupied
474,2010,CB,25,0,0,Unoccupied
475,2010,CB,2,0,0,Unoccupied
476,2010,CB,36,1,0,Resident
477,2010,CB,23,1,0,Resident
478,2010,CB,6,0,0,Unoccupied
479,2010,CB,5,0,0,Unoccupied
480,2010,CB,16,0,0,Unoccupied
481,2010,CB,31,0,0,Unoccupied
482,2010,CB,9,0,0,Unoccupied
483,2010,CB,51,1,0,Resident
484,2010,CB,5,0,0,Unoccupied
485,2010,CB,25,0,0,Unoccupied
486,2010,CB,38,1,0,Resident
487,2010,CB,40,1,0,Resident
488,2010,CB,8,0,0,Unoccupied
489,2010,CB,65,0,0,Unoccupied
490,2010,CB,11,0,0,Unoccupied
491,2010,CB,15,0,0,Unoccupied
492,2010,CB,15,0,0,Unoccupied
493,2010,CB,17,1,0,Resident
494,2010,CB,13,0,0,Unoccupied
495,2010,CB,12,0,0,Unoccupied
496,2010,CB,4,0,0,Unoccupied
497,2010,CB,11,0,0,Unoccupied
498,2010,CB,25,1,1,Resident
499,2010,CB,25,0,0,Unoccupied
500,2010,CB,10,0,0,Unoccupied
501,2010,CB,7,0,0,Unoccupied
502,2010,CB,5,0,0,Unoccupied
503,2010,CB,17,0,0,Unoccupied
504,2010,CB,31,1,0,Resident
505,2010,CB,9,0,0,Unoccupied
506,2010,CB,29,1,0,Resident
507,2010,CB,7,0,0,Unoccupied
508,2010,CB,54,0,0,Unoccupied
509,2010,CB,15,0,0,Unoccupied
510,2010,CB,16,0,0,Unoccupied
511,2010,CB,49,1,0,Resident
512,2010,CB,47,1,0,Resident
513,2010,CB,7,0,0,Unoccupied
514,2010,CB,27,1,0,Resident
515,2010,CB,12,0,0,Unoccupied
516,2010,CB,7,0,0,Unoccupied
517,2010,CB,13,0,0,Unoccupied
518,2010,CB,44,1,1,Resident
519,2010,CB,11,0,0,Unoccupied
520,2010,CB,14,0,0,Unoccupied
521,2010,CB,4,0,0,Unoccupied
522,2010,CB,5,0,0,Unoccupied
523,2010,CB,3,0,0,Unoccupied
524,2010,CB,20,0,0,Unoccupied
525,2010,CB,18,0,0,Unoccupied
526,2010,CB,34,0,0,Unoccupied
527,2010,CB,2,0,0,Unoccupied
528,2010,CB,3,0,0,Unoccupied
529,2010,CB,3,0,0,Unoccupied
530,2010,CB,16,0,0,Unoccupied
531,2010,CB,13,0,0,Unoccupied
532,2010,CB,7,0,0,Unoccupied
533,2010,CB,16,0,0,Unoccupied
534,2010,CB,14,0,0,Unoccupied
535,2010,CB,6,0,0,Unoccupied
536,2010,CB,13,0,0,Unoccupied
537,2010,CB,28,1,0,Resident
538,2010,CB,26,1,0,Resident
539,2010,CB,50,1,0,Resident
540,2010,CB,6,0,0,Unoccupied
541,2010,CB,36,0,0,Unoccupied
542,2010,CB,16,0,0,Unoccupied
543,2010,CB,12,0,0,Unoccupied
544,2010,CB,23,0,0,Unoccupied
545,2010,CB,56,1,0,Resident
546,2010,CB,6,0,0,Unoccupied
547,2010,CB,20,0,0,Unoccupied
548,2010,CB,18,0,0,Unoccupied
549,2010,CB,18,0,0,Unoccupied
550,2010,CB,6,0,0,Unoccupied
551,2010,CB,34,1,0,Resident
552,2010,CB,5,0,0,Unoccupied
553,2010,CB,38,0,0,Unoccupied
554,2010,CB,43,1,0,Resident
555,2010,CB,13,0,0,Unoccupied
556,2010,CB,36,1,0,Resident
557,2010,CB,29,1,0,Resident
558,2010,CB,35,1,0,Resident
559,2010,CB,21,0,0,Unoccupied
560,2010,CB,44,1,0,Resident
561,2010,CB,34,0,0,Unoccupied
562,2010,CB,29,1,0,Resident
563,2010,CB,44,1,0,Resident
564,2010,CB,49,1,0,Resident
565,2010,CB,21,0,0,Unoccupied
566,2010,CB,59,1,0,Resident
567,2010,CB,42,0,0,Unoccupied
568,2010,CB,28,0,0,Unoccupied
569,2010,CB,19,0,0,Unoccupied
570,2010,CB,11,0,0,Unoccupied
571,2010,CB,10,0,0,Unoccupied
572,2010,CB,42,0,0,Unoccupied
573,2010,CB,18,1,0,Resident
574,2010,CB,17,0,0,Unoccupied
575,2010,CB,29,0,0,Unoccupied
576,2010,CB,37,1,0,Resident
577,2010,CB,25,1,0,Resident
578,2010,CB,25,1,0,Resident
579,2010,CB,29,1,0,Resident
580,2010,CB,22,1,0,Resident
581,2010,CB,18,0,0,Unoccupied
582,2010,CB,13,0,0,Unoccupied
583,2010,CB,21,1,0,Resident
584,2010,CB,24,1,0,Resident
585,2010,CB,12,0,0,Unoccupied
586,2010,CB,42,1,0,Resident
587,2010,CB,26,0,0,Unoccupied
588,2010,CB,45,1,0,Resident
589,2010,CB,21,0,0,Unoccupied
590,2010,CB,14,1,0,Resident
591,2010,CB,22,0,0,Unoccupied
592,2010,CB,36,1,1,Resident
593,2010,CB,9,0,0,Unoccupied
594,2010,CB,9,0,0,Unoccupied
595,2010,CB,15,0,0,Unoccupied
596,2010,CB,23,1,0,Resident
597,2010,CB,27,1,0,Resident
598,2010,CB,23,1,0,Resident
599,2010,CB,17,0,0,Unoccupied
600,2010,CB,96,1,0,Resident
601,2010,CB,26,1,0,Resident
602,2010,CB,11,0,0,Unoccupied
603,2010,CB,12,0,0,Unoccupied
604,2010,CB,36,0,0,Unoccupied
605,2010,CB,42,1,0,Resident
606,2010,CB,38,1,0,Resident
607,2010,CB,8,0,0,Unoccupied
608,2010,CB,37,0,0,Unoccupied
609,2010,CB,34,0,0,Unoccupied
610,2010,CB,53,1,0,Resident
611,2010,CB,53,1,1,Resident
612,2010,CB,26,0,0,Unoccupied
613,2010,CB,25,0,0,Unoccupied
614,2010,CB,10,0,0,Unoccupied
615,2010,CB,6,0,0,Unoccupied
616,2010,CB,4,0,0,Unoccupied
617,2010,CB,9,1,0,Resident
618,2010,CB,52,1,0,Resident
619,2010,CB,37,1,0,Resident
620,2010,CB,25,0,0,Unoccupied
621,2010,CB,36,1,0,Resident
622,2010,CB,17,0,0,Unoccupied
623,2010,CB,15,0,0,Unoccupied
624,2010,CB,27,0,0,Unoccupied
625,2010,CB,58,0,0,Unoccupied
626,2010,CB,7,0,0,Unoccupied
627,2010,CB,33,1,0,Resident
628,2010,CB,22,0,0,Unoccupied
629,2010,CB,8,0,0,Unoccupied
630,2010,CB,12,0,0,Unoccupied
631,2010,CB,50,0,0,Unoccupied
632,2010,CB,37,1,0,Resident
633,2010,CB,49,1,0,Resident
634,2010,CB,14,0,0,Unoccupied
635,2010,CB,26,1,0,Resident
636,2010,CB,4,0,0,Unoccupied
637,2010,CB,30,0,0,Unoccupied
638,2010,CB,23,1,0,Resident
639,2010,CB,31,1,0,Resident
640,2010,CB,2,0,0,Unoccupied
641,2010,CB,4,0,0,Unoccupied
642,2010,CB,31,1,0,Resident
643,2010,CB,29,1,0,Resident
644,2010,CB,18,0,0,Unoccupied
645,2010,CB,38,1,0,Resident
646,2010,CB,21,1,0,Resident
647,2010,CB,2,0,0,Unoccupied
648,2010,CB,7,0,0,Unoccupied
649,2010,CB,6,0,0,Unoccupied
650,2010,CB,13,1,0,Resident
651,2010,CB,16,0,0,Unoccupied
652,2010,CB,22,0,0,Unoccupied
653,2010,CB,2,0,0,Unoccupied
654,2010,CB,33,1,0,Resident
655,2010,CB,31,1,0,Resident
656,2010,CB,8,0,0,Unoccupied
657,2010,CB,41,1,0,Resident
658,2010,CB,31,1,0,Resident
659,2010,CB,5,0,0,Unoccupied
660,2010,CB,13,0,0,Unoccupied
661,2010,CB,23,1,0,Resident
662,2010,CB,34,0,0,Unoccupied
663,2010,CB,17,0,0,Unoccupied
664,2010,CB,17,0,0,Unoccupied
665,2010,CB,16,0,0,Unoccupied
666,2010,CB,24,1,0,Resident
667,2010,CB,24,0,0,Unoccupied
668,2010,CB,2,0,0,Unoccupied
669,2010,CB,26,1,0,Resident
670,2010,CB,19,1,0,Resident
671,2010,CB,17,0,0,Unoccupied
672,2010,CB,36,1,0,Resident
673,2010,CB,12,0,0,Unoccupied
674,2010,CB,18,0,0,Unoccupied
675,2010,CB,38,1,0,Resident
676,2010,CB,9,0,0,Unoccupied
677,2010,CB,17,0,0,Unoccupied
678,2010,CB,10,0,0,Unoccupied
679,2010,CB,20,1,0,Resident
680,2010,CB,27,0,0,Unoccupied
681,2010,CB,19,1,0,Resident
682,2010,CB,36,1,0,Resident
683,2010,CB,9,0,0,Unoccupied
684,2010,CB,13,1,0,Resident
685,2010,CB,55,1,0,Resident
686,2010,CB,3,0,0,Unoccupied
687,2010,CB,7,0,0,Unoccupied
688,2010,CB,10,0,0,Unoccupied
689,2010,CB,21,1,0,Resident
690,2010,CB,9,0,0,Unoccupied
691,2010,CB,6,0,0,Unoccupied
692,2010,CB,13,1,0,Resident
693,2010,CB,47,1,0,Resident
694,2010,CB,4,0,0,Unoccupied
695,2010,CB,5,0,0,Unoccupied
696,2010,CB,3,0,0,Unoccupied
697,2010,CB,10,0,0,Unoccupied
698,2010,CB,17,0,0,Unoccupied
699,2010,CB,21,0,0,Unoccupied
700,2010,CB,17,1,0,Resident
701,2010,CB,10,0,0,Unoccupied
702,2010,CB,11,0,0,Unoccupied
703,2010,CB,36,1,0,Resident
704,2010,CB,15,1,0,Resident
705,2010,CB,12,0,0,Unoccupied
706,2010,CB,21,0,0,Unoccupied
707,2010,CB,9,0,0,Unoccupied
708,2010,CB,10,0,0,Unoccupied
709,2010,CB,6,0,0,Unoccupied
710,2010,CB,12,0,0,Unoccupied
711,2010,CB,5,0,0,Unoccupied
712,2010,CB,50,1,0,Resident
713,2010,CB,33,1,0,Resident
714,2010,CB,11,0,0,Unoccupied
